"name","price","categorySlug","description","sku","imageUrl","brand","condition","productType","partCategory","oemType","partNumber","color","stockQuantity","active","featured","weight"
"Flow Forged 8018 22X9.5","398.41","parts-wheels-tires","Replica Vanteet","8018-METAL BLACK","https://rengastukkurit.fi/wp-content/uploads/2025/03/164a1ddf-c15a-4795-91c8-79eb9496ad2a.jpg","Flow Forged","new","part","wheels","","8018","METAL BLACK","","true","false",""
"Flow Forged 8018 22X10.5","398.41","parts-wheels-tires","Replica Vanteet","8018-METAL BLACK-2","https://rengastukkurit.fi/wp-content/uploads/2025/03/164a1ddf-c15a-4795-91c8-79eb9496ad2a.jpg","Flow Forged","new","part","wheels","","8018","METAL BLACK","","true","false",""
"Flow Forged 3156 22X9.5","398.41","parts-wheels-tires","Replica Vanteet","3156-METAL BLACK","https://rengastukkurit.fi/wp-content/uploads/2025/03/c1d73ca2-281a-4a82-85ee-6a447defbefd.jpg","Flow Forged","new","part","wheels","","3156","METAL BLACK","","true","false",""
"Flow Forged 3156 22X10.5","398.41","parts-wheels-tires","Replica Vanteet","3156-METAL BLACK-2","https://rengastukkurit.fi/wp-content/uploads/2025/03/c1d73ca2-281a-4a82-85ee-6a447defbefd.jpg","Flow Forged","new","part","wheels","","3156","METAL BLACK","","true","false",""
"Flow Forged 5511 22X9.5","398.41","parts-wheels-tires","Replica Vanteet","5511-METAL BLACK","https://rengastukkurit.fi/wp-content/uploads/2025/03/e88da84e-cc73-4c48-b628-e13a63842c57.jpg","Flow Forged","new","part","wheels","","5511","METAL BLACK","","true","false",""
"Flow Forged 5511 22X10.5","398.41","parts-wheels-tires","Replica Vanteet","5511-METAL BLACK-2","https://rengastukkurit.fi/wp-content/uploads/2025/03/e88da84e-cc73-4c48-b628-e13a63842c57.jpg","Flow Forged","new","part","wheels","","5511","METAL BLACK","","true","false",""
"Flow Forged 5836 21X8.5","358.57","parts-wheels-tires","Replica Vanteet","5836-DARK METAL GREY","https://rengastukkurit.fi/wp-content/uploads/2025/03/IMG_5305.jpg","Flow Forged","new","part","wheels","","5836","DARK METAL GREY","","true","false",""
"Flow Forged 5836 21X10","358.57","parts-wheels-tires","Replica Vanteet","5836-DARK METAL GREY-2","https://rengastukkurit.fi/wp-content/uploads/2025/03/IMG_5305.jpg","Flow Forged","new","part","wheels","","5836","DARK METAL GREY","","true","false",""
"Flow Forged 3151 21X9.5","358.57","parts-wheels-tires","Replica Vanteet","3151-METAL BLACK","https://rengastukkurit.fi/wp-content/uploads/2025/03/IMG_5302.jpg","Flow Forged","new","part","wheels","","3151","METAL BLACK","","true","false",""
"Flow Forged 3151 21X10.5","358.57","parts-wheels-tires","Replica Vanteet","3151-METAL BLACK-2","https://rengastukkurit.fi/wp-content/uploads/2025/03/IMG_5302.jpg","Flow Forged","new","part","wheels","","3151","METAL BLACK","","true","false",""
"Flow Forged 5661 21X8.5","358.57","parts-wheels-tires","Replica Vanteet","5661-METAL BLACK","https://rengastukkurit.fi/wp-content/uploads/2025/03/IMG_5304.jpg","Flow Forged","new","part","wheels","","5661","METAL BLACK","","true","false",""
"Flow Forged 5661 21X10","358.57","parts-wheels-tires","Replica Vanteet","5661-METAL BLACK-2","https://rengastukkurit.fi/wp-content/uploads/2025/03/IMG_5304.jpg","Flow Forged","new","part","wheels","","5661","METAL BLACK","","true","false",""
"Flow Forged 123 20X9","358.57","parts-wheels-tires","Replica Vanteet","123-Matt Black","https://rengastukkurit.fi/wp-content/uploads/2025/03/d85a9356-a1fd-4458-8c51-077600af2563-1.jpg","Flow Forged","new","part","wheels","","123","MATT BLACK","","true","false",""
"Flow Forged 123 20X10.5","318.73","parts-wheels-tires","Replica Vanteet","123-Matt Black-2","https://rengastukkurit.fi/wp-content/uploads/2025/03/d85a9356-a1fd-4458-8c51-077600af2563-1.jpg","Flow Forged","new","part","wheels","","123","MATT BLACK","","true","false",""
"Flow Forged 5836 20X8.5","318.73","parts-wheels-tires","Replica Vanteet","5836-DARK METAL GREY-3","https://rengastukkurit.fi/wp-content/uploads/2025/03/IMG_5305-1.jpg","Flow Forged","new","part","wheels","","5836","DARK METAL GREY","","true","false",""
"Flow Forged 5836 20X10","318.73","parts-wheels-tires","Replica Vanteet","5836-DARK METAL GREY-4","https://rengastukkurit.fi/wp-content/uploads/2025/03/IMG_5305-1.jpg","Flow Forged","new","part","wheels","","5836","DARK METAL GREY","","true","false",""
"Flow Forged 352 20X9","318.73","parts-wheels-tires","Replica Vanteet","352-Matt Black","https://rengastukkurit.fi/wp-content/uploads/2025/03/9b761a2e-6068-4a97-b797-af78a96b7a25.jpg","Flow Forged","new","part","wheels","","352","MATT BLACK","","true","false",""
"Flow Forged 5569 20X8.5","318.73","parts-wheels-tires","Replica Vanteet","5569-METAL BLACK","https://rengastukkurit.fi/wp-content/uploads/2025/03/810af151-3aaf-4f69-9fc7-e03b136465d7.jpg","Flow Forged","new","part","wheels","","5569","METAL BLACK","","true","false",""
"Flow Forged 5569 20X10","318.73","parts-wheels-tires","Replica Vanteet","5569-METAL BLACK-2","https://rengastukkurit.fi/wp-content/uploads/2025/03/810af151-3aaf-4f69-9fc7-e03b136465d7.jpg","Flow Forged","new","part","wheels","","5569","METAL BLACK","","true","false",""
"Flow Forged 5195 20X8.5","318.73","parts-wheels-tires","Replica Vanteet","5195-METAL BLACK","https://rengastukkurit.fi/wp-content/uploads/2025/03/4999c66c-4d03-4e8d-9f15-375e5148c2f5.jpg","Flow Forged","new","part","wheels","","5195","METAL BLACK","","true","false",""
"Flow Forged 5195 20X10","318.73","parts-wheels-tires","Replica Vanteet","5195-METAL BLACK-2","https://rengastukkurit.fi/wp-content/uploads/2025/03/4999c66c-4d03-4e8d-9f15-375e5148c2f5.jpg","Flow Forged","new","part","wheels","","5195","METAL BLACK","","true","false",""
"Flow Forged 5615 20X9","318.73","parts-wheels-tires","Replica Vanteet","5615-Matt Black","https://rengastukkurit.fi/wp-content/uploads/2025/03/e67f69d7-ac99-4754-b573-a74ec2c2e6e3.jpg","Flow Forged","new","part","wheels","","5615","MATT BLACK","","true","false",""
"Flow Forged 5034 20X10","318.73","parts-wheels-tires","Replica Vanteet","5034-DARK METAL GREY","https://rengastukkurit.fi/wp-content/uploads/2025/03/IMG_5303.jpg","Flow Forged","new","part","wheels","","5034","DARK METAL GREY","","true","false",""
"Flow Forged 5034 20X11","318.73","parts-wheels-tires","Replica Vanteet","5034-DARK METAL GREY-2","https://rengastukkurit.fi/wp-content/uploads/2025/03/IMG_5303.jpg","Flow Forged","new","part","wheels","","5034","DARK METAL GREY","","true","false",""
"Flow Forged 339 20X8.5","318.73","parts-wheels-tires","Replica Vanteet","339-METAL BLACK","https://rengastukkurit.fi/wp-content/uploads/2025/03/IMG_5308.jpg","Flow Forged","new","part","wheels","","339","METAL BLACK","","true","false",""
"Flow Forged 339 20X10","318.73","parts-wheels-tires","Replica Vanteet","339-METAL BLACK-2","https://rengastukkurit.fi/wp-content/uploads/2025/03/IMG_5308.jpg","Flow Forged","new","part","wheels","","339","METAL BLACK","","true","false",""
"Flow Forged 1831 20X8.5","318.73","parts-wheels-tires","Replica Vanteet","1831-METAL BLACK","https://rengastukkurit.fi/wp-content/uploads/2025/03/IMG_5309.jpg","Flow Forged","new","part","wheels","","1831","METAL BLACK","","true","false",""
"Flow Forged 1831 20X10","318.73","parts-wheels-tires","Replica Vanteet","1831-METAL BLACK-2","https://rengastukkurit.fi/wp-content/uploads/2025/03/IMG_5309.jpg","Flow Forged","new","part","wheels","","1831","METAL BLACK","","true","false",""
"Flow Forged 1838 20X8.5","318.73","parts-wheels-tires","Replica Vanteet","1838-METAL BLACK","https://rengastukkurit.fi/wp-content/uploads/2025/03/IMG_53101.jpg","Flow Forged","new","part","wheels","","1838","METAL BLACK","","true","false",""
"Flow Forged 1838 20X10","318.73","parts-wheels-tires","Replica Vanteet","1838-METAL BLACK-2","https://rengastukkurit.fi/wp-content/uploads/2025/03/IMG_53101.jpg","Flow Forged","new","part","wheels","","1838","METAL BLACK","","true","false",""
"Flow Forged 1883 20X8.5","318.73","parts-wheels-tires","Replica Vanteet","1883-MATT BLACK","https://rengastukkurit.fi/wp-content/uploads/2025/03/IMG_5311.jpg","Flow Forged","new","part","wheels","","1883","MATT BLACK","","true","false",""
"Flow Forged 1883 20X9.5","318.73","parts-wheels-tires","Replica Vanteet","1883-MATT BLACK-2","https://rengastukkurit.fi/wp-content/uploads/2025/03/IMG_5311.jpg","Flow Forged","new","part","wheels","","1883","MATT BLACK","","true","false",""
"Flow Forged 5602A 20X8.5","318.73","parts-wheels-tires","Replica Vanteet","5602A-Metal Black","https://rengastukkurit.fi/wp-content/uploads/2025/03/IMG_5314.jpg","Flow Forged","new","part","wheels","","5602A","METAL BLACK","","true","false",""
"Flow Forged 5602B 20X9.5","318.73","parts-wheels-tires","Replica Vanteet","5602B-Metal Black","https://rengastukkurit.fi/wp-content/uploads/2025/03/IMG_5314.jpg","Flow Forged","new","part","wheels","","5602B","METAL BLACK","","true","false",""
"Flow Forged 5964 20X8","318.73","parts-wheels-tires","Replica Vanteet","5964-Metal Black","https://rengastukkurit.fi/wp-content/uploads/2025/03/IMG_5331-1.jpg","Flow Forged","new","part","wheels","","5964","METAL BLACK","","true","false",""
"Flow Forged 5964 20X9","318.73","parts-wheels-tires","Replica Vanteet","5964-Metal Black-2","https://rengastukkurit.fi/wp-content/uploads/2025/03/IMG_5331-1.jpg","Flow Forged","new","part","wheels","","5964","METAL BLACK","","true","false",""
"Flow Forged 8021 20X8.5","318.73","parts-wheels-tires","Replica Vanteet","8021-METAL BLACK","https://rengastukkurit.fi/wp-content/uploads/2025/03/IMG_5316.jpg","Flow Forged","new","part","wheels","","8021","METAL BLACK","","true","false",""
"Flow Forged 8021 20X10","318.73","parts-wheels-tires","Replica Vanteet","8021-METAL BLACK-2","https://rengastukkurit.fi/wp-content/uploads/2025/03/IMG_5316.jpg","Flow Forged","new","part","wheels","","8021","METAL BLACK","","true","false",""
"Flow Forged 5588 19X8","298.80","parts-wheels-tires","Replica Vanteet","5588-METAL BLACK","https://rengastukkurit.fi/wp-content/uploads/2025/03/c980c96e-48a2-42a1-8d2a-c8065c9079bd.jpg","Flow Forged","new","part","wheels","","5588","METAL BLACK","","true","false",""
"Flow Forged 5588 19X9","298.80","parts-wheels-tires","Replica Vanteet","5588-METAL BLACK-2","https://rengastukkurit.fi/wp-content/uploads/2025/03/c980c96e-48a2-42a1-8d2a-c8065c9079bd.jpg","Flow Forged","new","part","wheels","","5588","METAL BLACK","","true","false",""
"Flow Forged 5964 19X8","298.80","parts-wheels-tires","Replica Vanteet","5964-METAL BLACK-3","https://rengastukkurit.fi/wp-content/uploads/2025/03/IMG_5331.jpg","Flow Forged","new","part","wheels","","5964","METAL BLACK","","true","false",""
"Flow Forged 5964 19X9","298.80","parts-wheels-tires","Replica Vanteet","5964-METAL BLACK-4","https://rengastukkurit.fi/wp-content/uploads/2025/03/IMG_5331.jpg","Flow Forged","new","part","wheels","","5964","METAL BLACK","","true","false",""
"Flow Forged 8001 19X8.5","298.80","parts-wheels-tires","Replica Vanteet","8001-Matt Black","https://rengastukkurit.fi/wp-content/uploads/2025/03/1edf762c-4420-4b33-a66d-6d52fe748251.jpg","Flow Forged","new","part","wheels","","8001","MATT BLACK","","true","false",""
"Flow Forged 8001 19X9.5","298.80","parts-wheels-tires","Replica Vanteet","8001-Matt Black-2","https://rengastukkurit.fi/wp-content/uploads/2025/03/1edf762c-4420-4b33-a66d-6d52fe748251.jpg","Flow Forged","new","part","wheels","","8001","MATT BLACK","","true","false",""
"Flow Forged 292 19X8.5","298.80","parts-wheels-tires","Replica Vanteet","292-BLACK MACHINE COATING","https://rengastukkurit.fi/wp-content/uploads/2025/03/IMG_5333.jpg","Flow Forged","new","part","wheels","","292","BLACK MACHINE COATING","","true","false",""
"Flow Forged 292 19X9.5","298.80","parts-wheels-tires","Replica Vanteet","292-BLACK MACHINE COATING-2","https://rengastukkurit.fi/wp-content/uploads/2025/03/IMG_5333.jpg","Flow Forged","new","part","wheels","","292","BLACK MACHINE COATING","","true","false",""
"Flow Forged 292 19X8.5","298.80","parts-wheels-tires","Replica Vanteet","292-BLACK MACHINE COATING-3","https://rengastukkurit.fi/wp-content/uploads/2025/03/IMG_5333.jpg","Flow Forged","new","part","wheels","","292","BLACK MACHINE COATING","","true","false",""
"Flow Forged 292 19X9.5","298.80","parts-wheels-tires","Replica Vanteet","292-BLACK MACHINE COATING-4","https://rengastukkurit.fi/wp-content/uploads/2025/03/IMG_5333.jpg","Flow Forged","new","part","wheels","","292","BLACK MACHINE COATING","","true","false",""
"Flow Forged 1318 19X8.5","298.80","parts-wheels-tires","Replica Vanteet","1318-DARK METAL GREY","https://rengastukkurit.fi/wp-content/uploads/2025/03/IMG_5306.jpg","Flow Forged","new","part","wheels","","1318","DARK METAL GREY","","true","false",""
"Flow Forged 1318 19X9.5","298.80","parts-wheels-tires","Replica Vanteet","1318-DARK METAL GREY-2","https://rengastukkurit.fi/wp-content/uploads/2025/03/IMG_5306.jpg","Flow Forged","new","part","wheels","","1318","DARK METAL GREY","","true","false",""
"Flow Forged 1318 19X9.5","298.80","parts-wheels-tires","Replica Vanteet","1318-DARK METAL GREY-3","https://rengastukkurit.fi/wp-content/uploads/2025/03/IMG_5306.jpg","Flow Forged","new","part","wheels","","1318","DARK METAL GREY","","true","false",""
"Flow Forged 8001 18X8","278.88","parts-wheels-tires","Replica Vanteet","8001-Matt Black-3","https://rengastukkurit.fi/wp-content/uploads/2025/03/1edf762c-4420-4b33-a66d-6d52fe748251.jpg","Flow Forged","new","part","wheels","","8001","MATT BLACK","","true","false",""
"Flow Forged 8001 18X9","278.88","parts-wheels-tires","Replica Vanteet","8001-Matt Black-4","https://rengastukkurit.fi/wp-content/uploads/2025/03/1edf762c-4420-4b33-a66d-6d52fe748251.jpg","Flow Forged","new","part","wheels","","8001","MATT BLACK","","true","false",""
"Flow Forged 5167 18X8.5","278.88","parts-wheels-tires","Replica Vanteet","5167-METAL BLACK","https://rengastukkurit.fi/wp-content/uploads/2025/03/2ce98d0c-4563-4223-8dac-bc13c170ea29.jpg","Flow Forged","new","part","wheels","","5167","METAL BLACK","","true","false",""
"Flow Forged 5167 18X9.5","278.88","parts-wheels-tires","Replica Vanteet","5167-METAL BLACK-2","https://rengastukkurit.fi/wp-content/uploads/2025/03/2ce98d0c-4563-4223-8dac-bc13c170ea29.jpg","Flow Forged","new","part","wheels","","5167","METAL BLACK","","true","false",""
"Flow Forged 1677 18X8","278.88","parts-wheels-tires","Replica Vanteet","1677-METAL BLACK","https://rengastukkurit.fi/wp-content/uploads/2025/03/b479d074-46d1-4a9d-bc29-a75d9a06464c.jpg","Flow Forged","new","part","wheels","","1677","METAL BLACK","","true","false",""
"Flow Forged 1677 18X9","278.88","parts-wheels-tires","Replica Vanteet","1677-METAL BLACK-2","https://rengastukkurit.fi/wp-content/uploads/2025/03/b479d074-46d1-4a9d-bc29-a75d9a06464c.jpg","Flow Forged","new","part","wheels","","1677","METAL BLACK","","true","false",""
"Flow Forged 5308 18X8","278.88","parts-wheels-tires","Replica Vanteet","5308-MATT BLACK","https://rengastukkurit.fi/wp-content/uploads/2025/03/fd09a3ee-373b-4745-8cb1-7bddc96c4a66.jpg","Flow Forged","new","part","wheels","","5308","MATT BLACK","","true","false",""
"Flow Forged 5308 18X9","278.88","parts-wheels-tires","Replica Vanteet","5308-MATT BLACK-2","https://rengastukkurit.fi/wp-content/uploads/2025/03/fd09a3ee-373b-4745-8cb1-7bddc96c4a66.jpg","Flow Forged","new","part","wheels","","5308","MATT BLACK","","true","false",""
"Flow Forged 6143 18X9.5","278.88","parts-wheels-tires","Replica Vanteet","6143-Matt Black","https://rengastukkurit.fi/wp-content/uploads/2025/03/IMG_5344.jpg","Flow Forged","new","part","wheels","","6143","MATT BLACK","","true","false",""
"Flow Forged 6143 18X10.5","278.88","parts-wheels-tires","Replica Vanteet","6143-Matt Black-2","https://rengastukkurit.fi/wp-content/uploads/2025/03/IMG_5344.jpg","Flow Forged","new","part","wheels","","6143","MATT BLACK","","true","false",""
"Flow Forged 6193 18X8.5","278.88","parts-wheels-tires","Replica Vanteet","6193-GLOSSY BLACK","https://rengastukkurit.fi/wp-content/uploads/2025/03/IMG_5345.jpg","Flow Forged","new","part","wheels","","6193","GLOSSY BLACK","","true","false",""
"Flow Forged 6193 18X9.5","278.88","parts-wheels-tires","Replica Vanteet","6193-GLOSSY BLACK-2","https://rengastukkurit.fi/wp-content/uploads/2025/03/IMG_5345.jpg","Flow Forged","new","part","wheels","","6193","GLOSSY BLACK","","true","false",""
"Flow Forged 411 18X9.5","278.88","parts-wheels-tires","Replica Vanteet","411-MATT GREY","https://rengastukkurit.fi/wp-content/uploads/2025/03/IMG_5347.jpg","Flow Forged","new","part","wheels","","411","MATT GREY","","true","false",""
"Flow Forged 411 18X10.5","278.88","parts-wheels-tires","Replica Vanteet","411-MATT GREY-2","https://rengastukkurit.fi/wp-content/uploads/2025/03/IMG_5347.jpg","Flow Forged","new","part","wheels","","411","MATT GREY","","true","false",""
"Flow Forged 1374 18X8","278.88","parts-wheels-tires","Replica Vanteet","1374-MATT GREY","https://rengastukkurit.fi/wp-content/uploads/2025/03/IMG_5348-2.jpg","Flow Forged","new","part","wheels","","1374","MATT GREY","","true","false",""
"Flow Forged 762 17X7.5","239.04","parts-wheels-tires","Replica Vanteet","762-MB","https://rengastukkurit.fi/wp-content/uploads/2025/03/a7cc728d-aed2-4f84-880e-60524bb33ede.jpg","Flow Forged","new","part","wheels","","762","METAL/BLACK","","true","false",""
"Flow Forged 5074 20X9.5","318.73","parts-wheels-tires","Replica Vanteet","5074-GLOSSY DARK GREY","https://rengastukkurit.fi/wp-content/uploads/2025/03/IMG_5416-2.jpg","Flow Forged","new","part","wheels","","5074","GLOSSY DARK GREY","","true","false",""
"Flow Forged 5074 20X10.5","318.73","parts-wheels-tires","Replica Vanteet","5074-GLOSSY DARK GREY-2","https://rengastukkurit.fi/wp-content/uploads/2025/03/IMG_5416-2.jpg","Flow Forged","new","part","wheels","","5074","GLOSSY DARK GREY","","true","false",""
"Flow Forged 1077 20X10","318.73","parts-wheels-tires","Replica Vanteet","1077-Matt Black with Machined Inserts","https://rengastukkurit.fi/wp-content/uploads/2025/03/IMG_5389.jpg","Flow Forged","new","part","wheels","","1077","MATT BLACK WITH MACHINED INSERTS","","true","false",""
"Flow Forged 1077 20X11","318.73","parts-wheels-tires","Replica Vanteet","1077-Matt  Black with Machined Inserts-2","https://rengastukkurit.fi/wp-content/uploads/2025/03/IMG_5389.jpg","Flow Forged","new","part","wheels","","1077","MATT BLACK WITH MACHINED INSERTS","","true","false",""
"Flow Forged 1077 20X10","318.73","parts-wheels-tires","Replica Vanteet","1077-Matt GunMetal","https://rengastukkurit.fi/wp-content/uploads/2025/03/IMG_5390.jpg","Flow Forged","new","part","wheels","","1077","MATT GUNMETAL","","true","false",""
"Flow Forged 1077 20X11","318.73","parts-wheels-tires","Replica Vanteet","1077-Matt GunMetal-2","https://rengastukkurit.fi/wp-content/uploads/2025/03/IMG_5390.jpg","Flow Forged","new","part","wheels","","1077","MATT GUNMETAL","","true","false",""
"Flow Forged 1078 20X10","318.73","parts-wheels-tires","Replica Vanteet","1078-Matt Black","https://rengastukkurit.fi/wp-content/uploads/2025/03/IMG_5391.jpg","Flow Forged","new","part","wheels","","1078","MATT BLACK WITH MACHINED INSERTS","","true","false",""
"Flow Forged 1078 20X11","318.73","parts-wheels-tires","Replica Vanteet","1078-Matt Blackl-2","https://rengastukkurit.fi/wp-content/uploads/2025/03/IMG_5391.jpg","Flow Forged","new","part","wheels","","1078","MATT BLACK WITH MACHINED INSERTS","","true","false",""
"Flow Forged 1078 20X10","318.73","parts-wheels-tires","Replica Vanteet","1078-METAL SILVER","https://rengastukkurit.fi/wp-content/uploads/2025/03/IMG_5392.jpg","Flow Forged","new","part","wheels","","1078","METAL SILVER","","true","false",""
"Flow Forged 1078 20X11","318.73","parts-wheels-tires","Replica Vanteet","1078-METAL SILVER-2","https://rengastukkurit.fi/wp-content/uploads/2025/03/IMG_5392.jpg","Flow Forged","new","part","wheels","","1078","METAL SILVER","","true","false",""
"Flow Forged 1078 20X10","318.73","parts-wheels-tires","Replica Vanteet","1078-MATT GUN METAL","https://rengastukkurit.fi/wp-content/uploads/2025/03/IMG_5393.jpg","Flow Forged","new","part","wheels","","1078","MATT GUNMETAL","","true","false",""
"Flow Forged 1078 20X11","318.73","parts-wheels-tires","Replica Vanteet","1078-MATT GUN METAL-2","https://rengastukkurit.fi/wp-content/uploads/2025/03/IMG_5393.jpg","Flow Forged","new","part","wheels","","1078","MATT GUNMETAL","","true","false",""
"Flow Forged 1735 20X8.5","318.73","parts-wheels-tires","Replica Vanteet","1735-SILVER","https://rengastukkurit.fi/wp-content/uploads/2025/03/IMG_5394.jpg","Flow Forged","new","part","wheels","","1735","METAL SILVER","","true","false",""
"Flow Forged 1735 20X10","318.73","parts-wheels-tires","Replica Vanteet","1735-SILVER-2","https://rengastukkurit.fi/wp-content/uploads/2025/03/IMG_5394.jpg","Flow Forged","new","part","wheels","","1735","METAL SILVER","","true","false",""
"Flow Forged 5068 20X9","318.73","parts-wheels-tires","Replica Vanteet","5068-MATT BLACK","https://rengastukkurit.fi/wp-content/uploads/2025/03/IMG_5395.jpg","Flow Forged","new","part","wheels","","5068","MATT BLACK","","true","false",""
"Flow Forged 5068 20X10","318.73","parts-wheels-tires","Replica Vanteet","5068-MATT BLACK-2","https://rengastukkurit.fi/wp-content/uploads/2025/03/IMG_5395.jpg","Flow Forged","new","part","wheels","","5068","MATT BLACK","","true","false",""
"Flow Forged 5068 20X9","318.73","parts-wheels-tires","Replica Vanteet","5068-METAL SILVER","https://rengastukkurit.fi/wp-content/uploads/2025/03/IMG_5396.jpg","Flow Forged","new","part","wheels","","5068","METAL SILVER","","true","false",""
"Flow Forged 5068 20X10","318.73","parts-wheels-tires","Replica Vanteet","5068-METAL SILVER-2","https://rengastukkurit.fi/wp-content/uploads/2025/03/IMG_5396.jpg","Flow Forged","new","part","wheels","","5068","METAL SILVER","","true","false",""
"Flow Forged FF2074 18X8","278.88","parts-wheels-tires","Replica Vanteet","FF2074-MATT BLACK","https://rengastukkurit.fi/wp-content/uploads/2025/03/IMG_5387.jpg","Flow Forged","new","part","wheels","","FF2074","MATT BLACK","","true","false",""
"Flow Forged FF2074 19X8.5","298.80","parts-wheels-tires","Replica Vanteet","FF2074-MATT BLACK-2","https://rengastukkurit.fi/wp-content/uploads/2025/03/IMG_5387.jpg","Flow Forged","new","part","wheels","","FF2074-2","MATT BLACK","","true","false",""
"Flow Forged FF2074 19X9.5","298.80","parts-wheels-tires","Replica Vanteet","FF2074-MATT BLACK-5","https://rengastukkurit.fi/wp-content/uploads/2025/03/IMG_5387.jpg","Flow Forged","new","part","wheels","","FF2074-3","MATT BLACK","","true","false",""
"Flow Forged 3062 18X8","278.88","parts-wheels-tires","Replica Vanteet","3062-GLOSSY MB","https://rengastukkurit.fi/wp-content/uploads/2025/03/IMG_5378.jpg","Flow Forged","new","part","wheels","","3062","METAL/BLACK","","true","false",""
"Flow Forged 3062 18X9","278.88","parts-wheels-tires","Replica Vanteet","3062-GLOSSY MB-2","https://rengastukkurit.fi/wp-content/uploads/2025/03/IMG_5378.jpg","Flow Forged","new","part","wheels","","","METAL/BLACK","","true","false",""
"Flow Forged 762B 18X8.5","278.88","parts-wheels-tires","Replica Vanteet","762B-METAL SILVER","https://rengastukkurit.fi/wp-content/uploads/2025/03/IMG_5379.jpg","Flow Forged","new","part","wheels","","","METAL SILVER","","true","false",""
"Flow Forged 762B 18X9.5","278.88","parts-wheels-tires","Replica Vanteet","762B-METAL SILVER-2","https://rengastukkurit.fi/wp-content/uploads/2025/03/IMG_5379.jpg","Flow Forged","new","part","wheels","","","METAL SILVER","","true","false",""
"Flow Forged 762B 19X8.5","298.80","parts-wheels-tires","Replica Vanteet","762B-METAL SILVER-3","https://rengastukkurit.fi/wp-content/uploads/2025/03/IMG_5379.jpg","Flow Forged","new","part","wheels","","","METAL SILVER","","true","false",""
"Flow Forged 762B 19X9.5","298.80","parts-wheels-tires","Replica Vanteet","762B-METAL SILVER-4","https://rengastukkurit.fi/wp-content/uploads/2025/03/IMG_5379.jpg","Flow Forged","new","part","wheels","","","METAL SILVER","","true","false",""
"Flow Forged 762B 20X8.5","318.73","parts-wheels-tires","Replica Vanteet","762B-METAL SILVER-5","https://rengastukkurit.fi/wp-content/uploads/2025/03/IMG_5379.jpg","Flow Forged","new","part","wheels","","","METAL SILVER","","true","false",""
"Flow Forged 762B 20X9.5","318.73","parts-wheels-tires","Replica Vanteet","762B-METAL SILVER-6","https://rengastukkurit.fi/wp-content/uploads/2025/03/IMG_5379.jpg","Flow Forged","new","part","wheels","","","METAL SILVER","","true","false",""
"Flow Forged 319 20X9","318.73","parts-wheels-tires","Replica Vanteet","319-Matt Black","https://rengastukkurit.fi/wp-content/uploads/2025/03/IMG_5414.jpg","Flow Forged","new","part","wheels","","","MATT BLACK","","true","false",""
"Flow Forged 319 20X10","318.73","parts-wheels-tires","Replica Vanteet","319-Matt Black-2","https://rengastukkurit.fi/wp-content/uploads/2025/03/IMG_5414.jpg","Flow Forged","new","part","wheels","","","MATT BLACK","","true","false",""
"Flow Forged 5581 19X8.5","298.80","parts-wheels-tires","Replica Vanteet","5581-Matt Black","https://rengastukkurit.fi/wp-content/uploads/2025/03/IMG_5381.jpg","Flow Forged","new","part","wheels","","","MATT BLACK","","true","false",""
"Flow Forged 5581 19X9.5","298.80","parts-wheels-tires","Replica Vanteet","5581-Matt Black-2","https://rengastukkurit.fi/wp-content/uploads/2025/03/IMG_5381.jpg","Flow Forged","new","part","wheels","","","MATT BLACK","","true","false",""
"Flow Forged 8114 19X8.5","298.80","parts-wheels-tires","Replica Vanteet","8114-Matt Black","https://rengastukkurit.fi/wp-content/uploads/2025/03/IMG_5382.jpg","Flow Forged","new","part","wheels","","","MATT BLACK","","true","false",""
"Flow Forged 8114 19X9.5","298.80","parts-wheels-tires","Replica Vanteet","8114-Matt Black-2","https://rengastukkurit.fi/wp-content/uploads/2025/03/IMG_5382.jpg","Flow Forged","new","part","wheels","","","MATT BLACK","","true","false",""
"Flow Forged D973 19X8.5","298.80","parts-wheels-tires","Replica Vanteet","D973-Matt Black","https://rengastukkurit.fi/wp-content/uploads/2025/03/IMG_5383.jpg","Flow Forged","new","part","wheels","","","MATT BLACK","","true","false",""
"Flow Forged D973 19X9.5","298.80","parts-wheels-tires","Replica Vanteet","D973-Matt Black-2","https://rengastukkurit.fi/wp-content/uploads/2025/03/IMG_5383.jpg","Flow Forged","new","part","wheels","","","MATT BLACK","","true","false",""
"Flow Forged D1407 19X8.5","298.80","parts-wheels-tires","Replica Vanteet","D1407-Matt Black","https://rengastukkurit.fi/wp-content/uploads/2025/03/IMG_5384.jpg","Flow Forged","new","part","wheels","","","MATT BLACK","","true","false",""
"Flow Forged D1407 19X9.5","298.80","parts-wheels-tires","Replica Vanteet","D1407-Matt Black-2","https://rengastukkurit.fi/wp-content/uploads/2025/03/IMG_5384.jpg","Flow Forged","new","part","wheels","","","MATT BLACK","","true","false",""
"Flow Forged TE37 19X9.5","298.80","parts-wheels-tires","Replica Vanteet","TE37-Matt Black","https://rengastukkurit.fi/wp-content/uploads/2025/03/IMG_5386.jpg","Flow Forged","new","part","wheels","","","MATT BLACK","","true","false",""
"Flow Forged TE37 19X10.5","298.80","parts-wheels-tires","Replica Vanteet","TE37-Matt Black-2","https://rengastukkurit.fi/wp-content/uploads/2025/03/IMG_5386.jpg","Flow Forged","new","part","wheels","","","MATT BLACK","","true","false",""
"Flow Forged TE37 19X9.5","298.80","parts-wheels-tires","Replica Vanteet","TE37-Glossy Black","https://rengastukkurit.fi/wp-content/uploads/2025/03/IMG_5385.jpg","Flow Forged","new","part","wheels","","","GLOSSY BLACK","","true","false",""
"Flow Forged TE37 19X10.5","298.80","parts-wheels-tires","Replica Vanteet","TE37-Glossy Black-2","https://rengastukkurit.fi/wp-content/uploads/2025/03/IMG_5385.jpg","Flow Forged","new","part","wheels","","","GLOSSY BLACK","","true","false",""
"Flow Forged FF2122 20X9","318.73","parts-wheels-tires","Replica Vanteet","FF2122-Matt Black","https://rengastukkurit.fi/wp-content/uploads/2025/03/IMG_5407.jpg","Flow Forged","new","part","wheels","","","MATT BLACK","","true","false",""
"Flow Forged FF2122 20X10.5","318.73","parts-wheels-tires","Replica Vanteet","FF2122-Matt Black-2","https://rengastukkurit.fi/wp-content/uploads/2025/03/IMG_5407.jpg","Flow Forged","new","part","wheels","","","MATT BLACK","","true","false",""
"Flow Forged 5888 20X8.5","318.73","parts-wheels-tires","Replica Vanteet","5888-Matt Black ML+Milling","https://rengastukkurit.fi/wp-content/uploads/2025/03/c980c96e-48a2-42a1-8d2a-c8065c9079bd.jpg","Flow Forged","new","part","wheels","","","MATT BLACK","","true","false",""
"Flow Forged 5888 20X10","318.73","parts-wheels-tires","Replica Vanteet","5888-Matt Black ML+Milling-2","https://rengastukkurit.fi/wp-content/uploads/2025/03/c980c96e-48a2-42a1-8d2a-c8065c9079bd.jpg","Flow Forged","new","part","wheels","","","MATT BLACK","","true","false",""
"Flow Forged 7009 20X8.5","318.73","parts-wheels-tires","Replica Vanteet","7009-Matt Black Machin Lip+Milling windows","https://rengastukkurit.fi/wp-content/uploads/2025/03/IMG_5399.jpg","Flow Forged","new","part","wheels","","7009","MATT BLACK MACHIN LIP + MILLING WINDOWS","","true","false",""
"Flow Forged 7009 20X9.5","318.73","parts-wheels-tires","Replica Vanteet","7009-Matt Black Machin Lip+Milling windows-2","https://rengastukkurit.fi/wp-content/uploads/2025/03/IMG_5399.jpg","Flow Forged","new","part","wheels","","7009","MATT BLACK MACHIN LIP + MILLING WINDOWS","","true","false",""
"Flow Forged 7009 20X8.5","318.73","parts-wheels-tires","Replica Vanteet","7009-Gloss Black Machin Lip+Milling windows-1","https://rengastukkurit.fi/wp-content/uploads/2025/03/IMG_5400.jpg","Flow Forged","new","part","wheels","","7009","GLOSS BLACK MACHIN LIP + MILLING WINDOWS","","true","false",""
"Flow Forged 7009 20X9.5","318.73","parts-wheels-tires","Replica Vanteet","7009-Gloss Black Machin Lip+Milling windows-4","https://rengastukkurit.fi/wp-content/uploads/2025/03/IMG_5400.jpg","Flow Forged","new","part","wheels","","7009","GLOSS BLACK MACHIN LIP + MILLING WINDOWS","","true","false",""
"Flow Forged E440 20X8.5","318.73","parts-wheels-tires","Replica Vanteet","E440-Matt Black","https://rengastukkurit.fi/wp-content/uploads/2025/03/IMG_5401.jpg","Flow Forged","new","part","wheels","","","MATT BLACK","","true","false",""
"Flow Forged E440 20X10","318.73","parts-wheels-tires","Replica Vanteet","E440-Matt Black-2","https://rengastukkurit.fi/wp-content/uploads/2025/03/IMG_5401.jpg","Flow Forged","new","part","wheels","","","MATT BLACK","","true","false",""
"Flow Forged E440 20X8.5","318.73","parts-wheels-tires","Replica Vanteet","E440-METAL SILVER","https://rengastukkurit.fi/wp-content/uploads/2025/03/IMG_5402.jpg","Flow Forged","new","part","wheels","","","METAL SILVER","","true","false",""
"Flow Forged E440 20X10","318.73","parts-wheels-tires","Replica Vanteet","E440-METAL SILVER-2","https://rengastukkurit.fi/wp-content/uploads/2025/03/IMG_5402.jpg","Flow Forged","new","part","wheels","","","METAL SILVER","","true","false",""
"Flow Forged FF2070 20X8.5","318.73","parts-wheels-tires","Replica Vanteet","FF2070-Gloss Gunmetal (J1 Design)","https://rengastukkurit.fi/wp-content/uploads/2025/03/IMG_5403.jpg","Flow Forged","new","part","wheels","","","GLOSSY GUNMETAL","","true","false",""
"Flow Forged FF2070 20X10","318.73","parts-wheels-tires","Replica Vanteet","FF2070-Gloss Gunmetal (J1 Design)-2","https://rengastukkurit.fi/wp-content/uploads/2025/03/IMG_5403.jpg","Flow Forged","new","part","wheels","","","GLOSSY GUNMETAL","","true","false",""
"Flow Forged FF2070 20X8.5","318.73","parts-wheels-tires","Replica Vanteet","FF2070-Matt Black","https://rengastukkurit.fi/wp-content/uploads/2025/03/IMG_5404.jpg","Flow Forged","new","part","wheels","","FF2070","MATT BLACK","","true","false",""
"Flow Forged FF2070 20X10","318.73","parts-wheels-tires","Replica Vanteet","FF2070-Matt Black-2","https://rengastukkurit.fi/wp-content/uploads/2025/03/IMG_5404.jpg","Flow Forged","new","part","wheels","","FF2070","MATT BLACK","","true","false",""
"Flow Forged FF2081 20X8.5","318.73","parts-wheels-tires","Replica Vanteet","FF2081-Matt Black","https://rengastukkurit.fi/wp-content/uploads/2025/03/IMG_5405.jpg","Flow Forged","new","part","wheels","","","MATT BLACK","","true","false",""
"Flow Forged FF2081 20X10","318.73","parts-wheels-tires","Replica Vanteet","FF2081-Matt Black-2","https://rengastukkurit.fi/wp-content/uploads/2025/03/IMG_5405.jpg","Flow Forged","new","part","wheels","","","MATT BLACK","","true","false",""
"Flow Forged FF2122 20X9","318.73","parts-wheels-tires","Replica Vanteet","FF2122-Gloss Black with Machined Face","https://rengastukkurit.fi/wp-content/uploads/2025/03/IMG_5408.jpg","Flow Forged","new","part","wheels","","FF2122","GLOSS BLACK WITH MACHINED FACE","","true","false",""
"Flow Forged FF2122 20X10.5","318.73","parts-wheels-tires","Replica Vanteet","FF2122-Gloss Black with Machined Face-2","https://rengastukkurit.fi/wp-content/uploads/2025/03/IMG_5408.jpg","Flow Forged","new","part","wheels","","FF2122","GLOSS BLACK WITH MACHINED FACE","","true","false",""
"Flow Forged FF2122 20X9","318.73","parts-wheels-tires","Replica Vanteet","FF2122-METAL SILVER-3","https://rengastukkurit.fi/wp-content/uploads/2025/03/IMG_5406.jpg","Flow Forged","new","part","wheels","","","METAL SILVER","","true","false",""
"Flow Forged FF2122 20X10.5","318.73","parts-wheels-tires","Replica Vanteet","FF2122-METAL SILVER-4","https://rengastukkurit.fi/wp-content/uploads/2025/03/IMG_5406.jpg","Flow Forged","new","part","wheels","","","METAL SILVER","","true","false",""
"Flow Forged 762B 18X8.5","278.88","parts-wheels-tires","Replica Vanteet","762B-MATT BLACK / MACHIN LIP","https://rengastukkurit.fi/wp-content/uploads/2025/03/IMG_5374.jpg","Flow Forged","new","part","wheels","","","MATT BLACK","","true","false",""
"Flow Forged 762B 18X9.5","278.88","parts-wheels-tires","Replica Vanteet","762B-MATT BLACK / MACHIN LIP-2","https://rengastukkurit.fi/wp-content/uploads/2025/03/IMG_5374.jpg","Flow Forged","new","part","wheels","","","MATT BLACK","","true","false",""
"Flow Forged 762B 19X8.5","298.80","parts-wheels-tires","Replica Vanteet","762B-MATT BLACK / MACHIN LIP-3","https://rengastukkurit.fi/wp-content/uploads/2025/03/IMG_5374.jpg","Flow Forged","new","part","wheels","","","MATT BLACK","","true","false",""
"Flow Forged 762B 19X9.5","298.80","parts-wheels-tires","Replica Vanteet","762B-MATT BLACK / MACHIN LIP-4","https://rengastukkurit.fi/wp-content/uploads/2025/03/IMG_5374.jpg","Flow Forged","new","part","wheels","","","MATT BLACK","","true","false",""
"Flow Forged 762B 20X8.5","318.73","parts-wheels-tires","Replica Vanteet","762B-MATT BLACK / MACHIN LIP-5","https://rengastukkurit.fi/wp-content/uploads/2025/03/IMG_5374.jpg","Flow Forged","new","part","wheels","","","MATT BLACK","","true","false",""
"Flow Forged 762B 20X9.5","318.73","parts-wheels-tires","Replica Vanteet","762B-MATT BLACK / MACHIN LIP-6","https://rengastukkurit.fi/wp-content/uploads/2025/03/IMG_5374.jpg","Flow Forged","new","part","wheels","","","MATT BLACK","","true","false",""
"Flow Forged 5034 21X10.5","358.57","parts-wheels-tires","Replica Vanteet","5034-DARK METAL GREY","https://rengastukkurit.fi/wp-content/uploads/2025/03/IMG_5303.jpg","Flow Forged","new","part","wheels","","5034","DARK METAL GREY","","true","false",""
"Flow Forged 5034 21X11.5","358.57","parts-wheels-tires","Replica Vanteet","5034-DARK METAL GREY-2","https://rengastukkurit.fi/wp-content/uploads/2025/03/IMG_5303.jpg","Flow Forged","new","part","wheels","","5034","DARK METAL GREY","","true","false",""
"Flow Forged 5034 20X9.5","318.73","parts-wheels-tires","Replica Vanteet","5034-DARK METAL GREY","https://rengastukkurit.fi/wp-content/uploads/2025/03/IMG_5303.jpg","Flow Forged","new","part","wheels","","5034","DARK METAL GREY","","true","false",""
"Flow Forged 5034 20X10.5","318.73","parts-wheels-tires","Replica Vanteet","5034-DARK METAL GREY-2","https://rengastukkurit.fi/wp-content/uploads/2025/03/IMG_5303.jpg","Flow Forged","new","part","wheels","","5034","DARK METAL GREY","","true","false",""
"Flow Forged 5195 20X8.5","318.73","parts-wheels-tires","Replica Vanteet","5195-METAL BLACK","https://rengastukkurit.fi/wp-content/uploads/2025/03/4999c66c-4d03-4e8d-9f15-375e5148c2f5.jpg","Flow Forged","new","part","wheels","","5195","METAL BLACK","","true","false",""
"Flow Forged 5195 20X10","318.73","parts-wheels-tires","Replica Vanteet","5195-METAL BLACK-2","https://rengastukkurit.fi/wp-content/uploads/2025/03/4999c66c-4d03-4e8d-9f15-375e5148c2f5.jpg","Flow Forged","new","part","wheels","","5195","METAL BLACK","","true","false",""
"Flow Forged 5569 20X8.5","318.73","parts-wheels-tires","Replica Vanteet","5569-METAL BLACK","https://rengastukkurit.fi/wp-content/uploads/2025/03/810af151-3aaf-4f69-9fc7-e03b136465d7.jpg","Flow Forged","new","part","wheels","","5569","METAL BLACK","","true","false",""
"Flow Forged 5569 20X10","318.73","parts-wheels-tires","Replica Vanteet","5569-METAL BLACK-2","https://rengastukkurit.fi/wp-content/uploads/2025/03/810af151-3aaf-4f69-9fc7-e03b136465d7.jpg","Flow Forged","new","part","wheels","","5569","METAL BLACK","","true","false",""
"Flow Forged 1831 20X8.5","318.73","parts-wheels-tires","Replica Vanteet","1831-METAL BLACK","https://rengastukkurit.fi/wp-content/uploads/2025/03/IMG_5309.jpg","Flow Forged","new","part","wheels","","1831","METAL BLACK","","true","false",""
"Flow Forged 1831 20X10","318.73","parts-wheels-tires","Replica Vanteet","1831-METAL BLACK-2","https://rengastukkurit.fi/wp-content/uploads/2025/03/IMG_5309.jpg","Flow Forged","new","part","wheels","","1831","METAL BLACK","","true","false",""
"Flow Forged 1838 20X8.5","318.73","parts-wheels-tires","Replica Vanteet","1838-METAL BLACK","https://rengastukkurit.fi/wp-content/uploads/2025/03/IMG_53101.jpg","Flow Forged","new","part","wheels","","1838","METAL BLACK","","true","false",""
"Flow Forged 1838 20X10","318.73","parts-wheels-tires","Replica Vanteet","1838-METAL BLACK-2","https://rengastukkurit.fi/wp-content/uploads/2025/03/IMG_53101.jpg","Flow Forged","new","part","wheels","","1838","METAL BLACK","","true","false",""
"Flow Forged 5484 18X8","278.88","parts-wheels-tires","Replica Vanteet","5484-MATT BLACK","https://rengastukkurit.fi/wp-content/uploads/2025/03/IMG_5330.jpg","Flow Forged","new","part","wheels","","5484","MATT BLACK","","true","false",""
"Flow Forged 5484 18X9","278.88","parts-wheels-tires","Replica Vanteet","5484-MATT BLACK-2","https://rengastukkurit.fi/wp-content/uploads/2025/03/IMG_5330.jpg","Flow Forged","new","part","wheels","","5484","MATT BLACK","","true","false",""
"Flow Forged 5484 19X8.5","298.80","parts-wheels-tires","Replica Vanteet","5484-MATT BLACK","https://rengastukkurit.fi/wp-content/uploads/2025/03/IMG_5330.jpg","Flow Forged","new","part","wheels","","5484","MATT BLACK","","true","false",""
"Flow Forged 5484 19X9.5","298.80","parts-wheels-tires","Replica Vanteet","5484-MATT BLACK-2","https://rengastukkurit.fi/wp-content/uploads/2025/03/IMG_5330.jpg","Flow Forged","new","part","wheels","","5484","MATT BLACK","","true","false",""
"Flow Forged 5484 20X8.5","318.73","parts-wheels-tires","Replica Vanteet","5484-MATT BLACK","https://rengastukkurit.fi/wp-content/uploads/2025/03/IMG_5330.jpg","Flow Forged","new","part","wheels","","5484","MATT BLACK","","true","false",""
"Flow Forged 5484 20X9.5","318.73","parts-wheels-tires","Replica Vanteet","5484-MATT BLACK-2","https://rengastukkurit.fi/wp-content/uploads/2025/03/IMG_5330.jpg","Flow Forged","new","part","wheels","","5484","MATT BLACK","","true","false",""
"Flow Forged 5032 20X10","318.73","parts-wheels-tires","Replica Vanteet","5032-METAL BLACK","https://rengastukkurit.fi/wp-content/uploads/2025/03/IMG_5327-1.jpg","Flow Forged","new","part","wheels","","5032","METAL BLACK","","true","false",""
"Flow Forged 5032 20X11","318.73","parts-wheels-tires","Replica Vanteet","5032-METAL BLACK-2","https://rengastukkurit.fi/wp-content/uploads/2025/03/IMG_5327-1.jpg","Flow Forged","new","part","wheels","","5032","METAL BLACK","","true","false",""
"Flow Forged D1677 19X8","298.80","parts-wheels-tires","Replica Vanteet","D1677-METAL BLACK","https://rengastukkurit.fi/wp-content/uploads/2025/03/IMG_5328.jpg","Flow Forged","new","part","wheels","","D1677","METAL BLACK","","true","false",""
"Flow Forged D1677 19X9","298.80","parts-wheels-tires","Replica Vanteet","D1677-METAL BLACK-2","https://rengastukkurit.fi/wp-content/uploads/2025/03/IMG_5328.jpg","Flow Forged","new","part","wheels","","D1677","METAL BLACK","","true","false",""
"Flow Forged 5479 19X8.5","298.80","parts-wheels-tires","Replica Vanteet","5479-METAL BLACK","https://rengastukkurit.fi/wp-content/uploads/2025/03/IMG_5329.jpg","Flow Forged","new","part","wheels","","5479","METAL BLACK","","true","false",""
"Flow Forged 1318 19X8.5","298.80","parts-wheels-tires","Replica Vanteet","1318-DARK METAL GREY-4","https://rengastukkurit.fi/wp-content/uploads/2025/03/IMG_5334.jpg","Flow Forged","new","part","wheels","","1318","DARK METAL GREY","","true","false",""
"Flow Forged 235 18X8","278.88","parts-wheels-tires","Replica Vanteet","235-DARK MATT GREY","https://rengastukkurit.fi/wp-content/uploads/2025/03/IMG_5346.jpg","Flow Forged","new","part","wheels","","235","DARK MATT GREY","","true","false",""
"Flow Forged 5073 18X9","278.88","parts-wheels-tires","Replica Vanteet","5073","https://rengastukkurit.fi/wp-content/uploads/2025/03/IMG_5349.jpg","Flow Forged","new","part","wheels","","5073","BRUSHED METAL","","true","false",""
"Flow Forged 5073 18X10.5","278.88","parts-wheels-tires","Replica Vanteet","5073-1","https://rengastukkurit.fi/wp-content/uploads/2025/03/IMG_5349.jpg","Flow Forged","new","part","wheels","","5073","BRUSHED METAL","","true","false",""
"Flow Forged 5113 18X9.5","278.88","parts-wheels-tires","Replica Vanteet","5113-GUN METAL","https://rengastukkurit.fi/wp-content/uploads/2025/03/IMG_5350.jpg","Flow Forged","new","part","wheels","","5113","DARK GUN METAL","","true","false",""
"Flow Forged 5113 18X10.5","278.88","parts-wheels-tires","Replica Vanteet","5113-GUN METAL-2","https://rengastukkurit.fi/wp-content/uploads/2025/03/IMG_5350.jpg","Flow Forged","new","part","wheels","","5113","DARK GUN METAL","","true","false",""
"Flow Forged 5113 18X9.5","278.88","parts-wheels-tires","Replica Vanteet","5113-MATT BLACK","https://rengastukkurit.fi/wp-content/uploads/2025/03/IMG_5351.jpg","Flow Forged","new","part","wheels","","5113","MATT BLACK","","true","false",""
"Flow Forged 5113 18X10.5","278.88","parts-wheels-tires","Replica Vanteet","5113-MATT BLACK-2","https://rengastukkurit.fi/wp-content/uploads/2025/03/IMG_5351.jpg","Flow Forged","new","part","wheels","","5113","MATT BLACK","","true","false",""
"Flow Forged 5113 18X9.5","278.88","parts-wheels-tires","Replica Vanteet","5113-MATT BRONZE","https://rengastukkurit.fi/wp-content/uploads/2025/03/IMG_5352.jpg","Flow Forged","new","part","wheels","","5113","MATT BRONZE","","true","false",""
"Flow Forged 5113 18X10.5","278.88","parts-wheels-tires","Replica Vanteet","5113-MATT BRONZE-2","https://rengastukkurit.fi/wp-content/uploads/2025/03/IMG_5352.jpg","Flow Forged","new","part","wheels","","5113","MATT BRONZE","","true","false",""
"Flow Forged 5423 18X9.5","278.88","parts-wheels-tires","Replica Vanteet","5423 BLACK","https://rengastukkurit.fi/wp-content/uploads/2025/03/IMG_5353.jpg","Flow Forged","new","part","wheels","","5423","BLACK/POLISHED","","true","false",""
"Flow Forged 5423 18X10.5","278.88","parts-wheels-tires","Replica Vanteet","5423 BLACK-2","https://rengastukkurit.fi/wp-content/uploads/2025/03/IMG_5353.jpg","Flow Forged","new","part","wheels","","5423","BLACK/POLISHED","","true","false",""
"Flow Forged 5581 18X8","278.88","parts-wheels-tires","Replica Vanteet","5581-Matt Black-3","https://rengastukkurit.fi/wp-content/uploads/2025/03/IMG_5354.jpg","Flow Forged","new","part","wheels","","","MATT BLACK","","true","false",""
"Flow Forged 5581 18X9","278.88","parts-wheels-tires","Replica Vanteet","5581-Matt Black-4","https://rengastukkurit.fi/wp-content/uploads/2025/03/IMG_5354.jpg","Flow Forged","new","part","wheels","","","MATT BLACK","","true","false",""
"Flow Forged 5113 18X9.5","278.88","parts-wheels-tires","Replica Vanteet","5113-GUN METAL-3","https://rengastukkurit.fi/wp-content/uploads/2025/03/IMG_5350-1.jpg","Flow Forged","new","part","wheels","","5113","DARK GUN METAL","","true","false",""
"Flow Forged 5113 18X10.5","278.88","parts-wheels-tires","Replica Vanteet","5113-GUN METAL-4","https://rengastukkurit.fi/wp-content/uploads/2025/03/IMG_5350-1.jpg","Flow Forged","new","part","wheels","","5113","DARK GUN METAL","","true","false",""
"Flow Forged 5113 18X9.5","278.88","parts-wheels-tires","Replica Vanteet","5113-MATT BLACK-3","https://rengastukkurit.fi/wp-content/uploads/2025/03/IMG_5351-1.jpg","Flow Forged","new","part","wheels","","5113","MATT BLACK","","true","false",""
"Flow Forged 5113 18X10.5","278.88","parts-wheels-tires","Replica Vanteet","5113-MATT BLACK-4","https://rengastukkurit.fi/wp-content/uploads/2025/03/IMG_5351-1.jpg","Flow Forged","new","part","wheels","","5113","MATT BLACK","","true","false",""
"Flow Forged 5113 18X9.5","278.88","parts-wheels-tires","Replica Vanteet","5113-MATT BRONZE-3","https://rengastukkurit.fi/wp-content/uploads/2025/03/IMG_5352-1.jpg","Flow Forged","new","part","wheels","","5113","MATT BRONZE","","true","false",""
"Flow Forged 5113 18X10.5","278.88","parts-wheels-tires","Replica Vanteet","5113-MATT BRONZE-4","https://rengastukkurit.fi/wp-content/uploads/2025/03/IMG_5352-1.jpg","Flow Forged","new","part","wheels","","5113","MATT BRONZE","","true","false",""
"Flow Forged 1374 18X8","278.88","parts-wheels-tires","Replica Vanteet","1374-MATT GREY-2","https://rengastukkurit.fi/wp-content/uploads/2025/03/IMG_5348-2.jpg","Flow Forged","new","part","wheels","","1374","MATT GREY","","true","false",""
"Flow Forged 5871 18X8","278.88","parts-wheels-tires","Replica Vanteet","5871 MATT BLACK","https://rengastukkurit.fi/wp-content/uploads/2025/03/IMG_5355.jpg","Flow Forged","new","part","wheels","","5871","MATT BLACK","","true","false",""
"Flow Forged 5871 18X9","278.88","parts-wheels-tires","Replica Vanteet","5871 MATT BLACK-1","https://rengastukkurit.fi/wp-content/uploads/2025/03/IMG_5355.jpg","Flow Forged","new","part","wheels","","5871","MATT BLACK","","true","false",""
"Flow Forged 5581 18X8","278.88","parts-wheels-tires","Replica Vanteet","5581-MATT BLACK-3","https://rengastukkurit.fi/wp-content/uploads/2025/03/IMG_5354-1.jpg","Flow Forged","new","part","wheels","","5581","MATT BLACK","","true","false",""
"Flow Forged 5581 18X9","278.88","parts-wheels-tires","Replica Vanteet","5581-MATT BLACK-4","https://rengastukkurit.fi/wp-content/uploads/2025/03/IMG_5354-1.jpg","Flow Forged","new","part","wheels","","5581","MATT BLACK","","true","false",""
"Flow Forged 7009 18X8.5","278.88","parts-wheels-tires","Replica Vanteet","7009-Black Machin Lip+Milling windows-5","https://rengastukkurit.fi/wp-content/uploads/2025/03/IMG_5356-2.jpg","Flow Forged","new","part","wheels","","7009","BLACK MACHIN LIP + MILLING WINDOWS","","true","false",""
"Flow Forged 7009 18X10.5","278.88","parts-wheels-tires","Replica Vanteet","7009-Black Machin Lip+Milling windows-6","https://rengastukkurit.fi/wp-content/uploads/2025/03/IMG_5356-2.jpg","Flow Forged","new","part","wheels","","7009","BLACK MACHIN LIP + MILLING WINDOWS","","true","false",""
"Flow Forged 8899 18X8.5","278.88","parts-wheels-tires","Replica Vanteet","8899 SILVER","https://rengastukkurit.fi/wp-content/uploads/2025/03/IMG_5357.jpg","Flow Forged","new","part","wheels","","8899","SILVER","","true","false",""
"Flow Forged 8899 18X9.5","278.88","parts-wheels-tires","Replica Vanteet","8899 SILVER-1","https://rengastukkurit.fi/wp-content/uploads/2025/03/IMG_5357.jpg","Flow Forged","new","part","wheels","","8899","SILVER","","true","false",""
"Flow Forged 8899 18X8.5","278.88","parts-wheels-tires","Replica Vanteet","8899 SILVER-2","https://rengastukkurit.fi/wp-content/uploads/2025/03/IMG_5357.jpg","Flow Forged","new","part","wheels","","8899","SILVER","","true","false",""
"Flow Forged 8899 18X9.5","278.88","parts-wheels-tires","Replica Vanteet","8899 SILVER-3","https://rengastukkurit.fi/wp-content/uploads/2025/03/IMG_5357.jpg","Flow Forged","new","part","wheels","","8899","SILVER","","true","false",""
"Flow Forged A012 18X8.5","278.88","parts-wheels-tires","Replica Vanteet","A012","https://rengastukkurit.fi/wp-content/uploads/2025/03/IMG_5358.jpg","Flow Forged","new","part","wheels","","A012","DARK SILVER + POLISHED LIP","","true","false",""
"Flow Forged A012 18X9.5","278.88","parts-wheels-tires","Replica Vanteet","A012-1","https://rengastukkurit.fi/wp-content/uploads/2025/03/IMG_5358.jpg","Flow Forged","new","part","wheels","","A012","DARK SILVER + POLISHED LIP","","true","false",""
"Flow Forged FF2122 18X8","278.88","parts-wheels-tires","Replica Vanteet","FF2122-MATT BLACK","https://rengastukkurit.fi/wp-content/uploads/2025/03/IMG_5359.jpg","Flow Forged","new","part","wheels","","FF2122","MATT BLACK","","true","false",""
"Flow Forged FF2122 18X9","278.88","parts-wheels-tires","Replica Vanteet","FF2122-MATT BLACK-1","https://rengastukkurit.fi/wp-content/uploads/2025/03/IMG_5359.jpg","Flow Forged","new","part","wheels","","FF2122","MATT BLACK","","true","false",""
"Flow Forged L1880 18X9","278.88","parts-wheels-tires","Replica Vanteet","L1880 WHITE","https://rengastukkurit.fi/wp-content/uploads/2025/03/IMG_5360.jpg","Flow Forged","new","part","wheels","","L1880","WHITE + POLISHED LIP","","true","false",""
"Flow Forged L1880 18X10","278.88","parts-wheels-tires","Replica Vanteet","L1880 WHITE-1","https://rengastukkurit.fi/wp-content/uploads/2025/03/IMG_5360.jpg","Flow Forged","new","part","wheels","","L1880","WHITE + POLISHED LIP","","true","false",""
"Flow Forged L1880 18X9","278.88","parts-wheels-tires","Replica Vanteet","L1880 WHITE-2","https://rengastukkurit.fi/wp-content/uploads/2025/03/IMG_5360.jpg","Flow Forged","new","part","wheels","","L1880","WHITE + POLISHED LIP","","true","false",""
"Flow Forged L1880 18X10","278.88","parts-wheels-tires","Replica Vanteet","L1880 WHITE-3","https://rengastukkurit.fi/wp-content/uploads/2025/03/IMG_5360.jpg","Flow Forged","new","part","wheels","","L1880","WHITE + POLISHED LIP","","true","false",""
"Flow Forged 5040 18X8.5","278.88","parts-wheels-tires","Replica Vanteet","5040 GUN GREY","https://rengastukkurit.fi/wp-content/uploads/2025/03/IMG_5361.jpg","Flow Forged","new","part","wheels","","5040","GUN GREY","","true","false",""
"Flow Forged 5040 18X9.5","278.88","parts-wheels-tires","Replica Vanteet","5040 GUN GREY-1","https://rengastukkurit.fi/wp-content/uploads/2025/03/IMG_5361.jpg","Flow Forged","new","part","wheels","","5040","GUN GREY","","true","false",""
"Flow Forged 5870 18X10.5","278.88","parts-wheels-tires","Replica Vanteet","5870 MATT BLACK","https://rengastukkurit.fi/wp-content/uploads/2025/03/IMG_5362.jpg","Flow Forged","new","part","wheels","","5870","MATT BLACK","","true","false",""
"Flow Forged 5870 18X9.5","278.88","parts-wheels-tires","Replica Vanteet","5870 MATT BLACK-1","https://rengastukkurit.fi/wp-content/uploads/2025/03/IMG_5362.jpg","Flow Forged","new","part","wheels","","5870","MATT BLACK","","true","false",""
"Flow Forged 6102 18X9","278.88","parts-wheels-tires","Replica Vanteet","6102 GLOSS BLACK","https://rengastukkurit.fi/wp-content/uploads/2025/03/IMG_5363.jpg","Flow Forged","new","part","wheels","","6102","GLOSSY BLACK","","true","false",""
"Flow Forged 6102 18X10","278.88","parts-wheels-tires","Replica Vanteet","6102 GLOSS BLACK-1","https://rengastukkurit.fi/wp-content/uploads/2025/03/IMG_5363.jpg","Flow Forged","new","part","wheels","","6102","GLOSSY BLACK","","true","false",""
"Flow Forged 6132 18X9.5","278.88","parts-wheels-tires","Replica Vanteet","6132 DARK GREY","https://rengastukkurit.fi/wp-content/uploads/2025/03/IMG_5364.jpg","Flow Forged","new","part","wheels","","6132","DARK GREY","","true","false",""
"Flow Forged 6132 18X10.5","278.88","parts-wheels-tires","Replica Vanteet","6132 DARK GREY-1","https://rengastukkurit.fi/wp-content/uploads/2025/03/IMG_5364.jpg","Flow Forged","new","part","wheels","","6132","DARK GREY","","true","false",""
"Flow Forged 6132 18X9.5","278.88","parts-wheels-tires","Replica Vanteet","6132 SILVER","https://rengastukkurit.fi/wp-content/uploads/2025/03/IMG_5365.jpg","Flow Forged","new","part","wheels","","6132","SILVER","","true","false",""
"Flow Forged 6132 18X10.5","278.88","parts-wheels-tires","Replica Vanteet","6132 SILVER-1","https://rengastukkurit.fi/wp-content/uploads/2025/03/IMG_5365.jpg","Flow Forged","new","part","wheels","","6132","SILVER","","true","false",""
"Flow Forged 8114 18X8","278.88","parts-wheels-tires","Replica Vanteet","8114A MATT BLACK","https://rengastukkurit.fi/wp-content/uploads/2025/03/IMG_5366.jpg","Flow Forged","new","part","wheels","","8114","MATT BLACK","","true","false",""
"Flow Forged 8114 18X9","278.88","parts-wheels-tires","Replica Vanteet","8114B MATT BLACK-1","https://rengastukkurit.fi/wp-content/uploads/2025/03/IMG_5366.jpg","Flow Forged","new","part","wheels","","8114","MATT BLACK","","true","false",""
"Flow Forged 8430 18X8","278.88","parts-wheels-tires","Replica Vanteet","8430 SILVER","https://rengastukkurit.fi/wp-content/uploads/2025/03/IMG_5367.jpg","Flow Forged","new","part","wheels","","8430","SILVER","","true","false",""
"Flow Forged X002 18X8.5","278.88","parts-wheels-tires","Replica Vanteet","X002 GUN GREY","https://rengastukkurit.fi/wp-content/uploads/2025/03/IMG_5368.jpg","Flow Forged","new","part","wheels","","X002","GUN GREY","","true","false",""
"Flow Forged X002 18X9.5","278.88","parts-wheels-tires","Replica Vanteet","X002 GUN GREY-1","https://rengastukkurit.fi/wp-content/uploads/2025/03/IMG_5368.jpg","Flow Forged","new","part","wheels","","X002","GUN GREY","","true","false",""
"Flow Forged 5909 18X7.5","278.88","parts-wheels-tires","Replica Vanteet","5909 MB","https://rengastukkurit.fi/wp-content/uploads/2025/03/IMG_5369.jpg","Flow Forged","new","part","wheels","","5909","METAL / BLACK","","true","false",""
"Flow Forged 5909 18X8.5","278.88","parts-wheels-tires","Replica Vanteet","5909 MB-1","https://rengastukkurit.fi/wp-content/uploads/2025/03/IMG_5369.jpg","Flow Forged","new","part","wheels","","5909","METAL / BLACK","","true","false",""
"Flow Forged 1083 18X8","278.88","parts-wheels-tires","Replica Vanteet","1083 MATT BLACK","https://rengastukkurit.fi/wp-content/uploads/2025/03/IMG_5370.jpg","Flow Forged","new","part","wheels","","1083","MATT BLACK","","true","false",""
"Flow Forged 1083 18X9","278.88","parts-wheels-tires","Replica Vanteet","1083 MATT BLACK-1","https://rengastukkurit.fi/wp-content/uploads/2025/03/IMG_5370.jpg","Flow Forged","new","part","wheels","","1083","MATT BLACK","","true","false",""
"Flow Forged 1083 19X8.5","298.80","parts-wheels-tires","Replica Vanteet","1083 MATT BLACK-2","https://rengastukkurit.fi/wp-content/uploads/2025/03/IMG_5370.jpg","Flow Forged","new","part","wheels","","1083","MATT BLACK","","true","false",""
"Flow Forged 1083 19X9.5","298.80","parts-wheels-tires","Replica Vanteet","1083 MATT BLACK-3","https://rengastukkurit.fi/wp-content/uploads/2025/03/IMG_5370.jpg","Flow Forged","new","part","wheels","","1083","MATT BLACK","","true","false",""
"Flow Forged 5062 18X8","278.88","parts-wheels-tires","Replica Vanteet","5062 MB","https://rengastukkurit.fi/wp-content/uploads/2025/03/IMG_5371.jpg","Flow Forged","new","part","wheels","","5062","METAL / BLACK","","true","false",""
"Flow Forged 5062 18X9","278.88","parts-wheels-tires","Replica Vanteet","5062 MB-1","https://rengastukkurit.fi/wp-content/uploads/2025/03/IMG_5371.jpg","Flow Forged","new","part","wheels","","5062","METAL / BLACK","","true","false",""
"Flow Forged 5062 19X8.5","298.80","parts-wheels-tires","Replica Vanteet","5062 MB-2","https://rengastukkurit.fi/wp-content/uploads/2025/03/IMG_5371.jpg","Flow Forged","new","part","wheels","","5062","METAL / BLACK","","true","false",""
"Flow Forged 5062 19X9.5","298.80","parts-wheels-tires","Replica Vanteet","5062 MB-3","https://rengastukkurit.fi/wp-content/uploads/2025/03/IMG_5371.jpg","Flow Forged","new","part","wheels","","5062","METAL / BLACK","","true","false",""
"Flow Forged 5556 MB 18X8","278.88","parts-wheels-tires","Replica Vanteet","5556 MB","https://rengastukkurit.fi/wp-content/uploads/2025/03/IMG_5372.jpg","Flow Forged","new","part","wheels","","5556 MB","METAL / BLACK","","true","false",""
"Flow Forged 5556 MB 18X9","278.88","parts-wheels-tires","Replica Vanteet","5556 MB-1","https://rengastukkurit.fi/wp-content/uploads/2025/03/IMG_5372.jpg","Flow Forged","new","part","wheels","","5556 MB","METAL / BLACK","","true","false",""
"Flow Forged 5461 MB 19X8","298.80","parts-wheels-tires","Replica Vanteet","5461 MB","https://rengastukkurit.fi/wp-content/uploads/2025/03/IMG_5372.jpg","Flow Forged","new","part","wheels","","5461 MB","METAL / BLACK","","true","false",""
"Flow Forged 5461 MB 19X9","298.80","parts-wheels-tires","Replica Vanteet","5461 MB-1","https://rengastukkurit.fi/wp-content/uploads/2025/03/IMG_5372.jpg","Flow Forged","new","part","wheels","","5461 MB","METAL / BLACK","","true","false",""
"Flow Forged Y0102 MB 18X7.5","278.88","parts-wheels-tires","Replica Vanteet","Y0102 MB","https://rengastukkurit.fi/wp-content/uploads/2025/03/IMG_5373.jpg","Flow Forged","new","part","wheels","","Y0102 MB","METAL / BLACK","","true","false",""
"Flow Forged Y0102 MB 18X8.5","278.88","parts-wheels-tires","Replica Vanteet","Y0102 MB-1","https://rengastukkurit.fi/wp-content/uploads/2025/03/IMG_5373.jpg","Flow Forged","new","part","wheels","","Y0102 MB","METAL / BLACK","","true","false",""
"Flow Forged Y0102 MB-2 19X7.5","298.80","parts-wheels-tires","Replica Vanteet","Y0102 MB-2","https://rengastukkurit.fi/wp-content/uploads/2025/03/IMG_5373.jpg","Flow Forged","new","part","wheels","","Y0102 MB-2","METAL / BLACK","","true","false",""
"Flow Forged Y0102 MB-3 19X8.5","298.80","parts-wheels-tires","Replica Vanteet","Y0102 MB-3","https://rengastukkurit.fi/wp-content/uploads/2025/03/IMG_5373.jpg","Flow Forged","new","part","wheels","","Y0102 MB-3","METAL / BLACK","","true","false",""
"Flow Forged 866 MB 18X8","278.88","parts-wheels-tires","Replica Vanteet","866 MB","https://rengastukkurit.fi/wp-content/uploads/2025/03/IMG_5375.jpg","Flow Forged","new","part","wheels","","866 MB","METAL / BLACK","","true","false",""
"Flow Forged 866 MB 18X9","278.88","parts-wheels-tires","Replica Vanteet","866 MB-1","https://rengastukkurit.fi/wp-content/uploads/2025/03/IMG_5375.jpg","Flow Forged","new","part","wheels","","866 MB","METAL / BLACK","","true","false",""
"Flow Forged 866 MB-2 19X8","298.80","parts-wheels-tires","Replica Vanteet","866 MB-2","https://rengastukkurit.fi/wp-content/uploads/2025/03/IMG_5375.jpg","Flow Forged","new","part","wheels","","866 MB-2","METAL / BLACK","","true","false",""
"Flow Forged 866 MB-3 19X9","298.80","parts-wheels-tires","Replica Vanteet","866 MB-3","https://rengastukkurit.fi/wp-content/uploads/2025/03/IMG_5375.jpg","Flow Forged","new","part","wheels","","866 MB-3","METAL / BLACK","","true","false",""
"Flow Forged 866 MB-4 19X8.5","298.80","parts-wheels-tires","Replica Vanteet","866 MB-4","https://rengastukkurit.fi/wp-content/uploads/2025/03/IMG_5375.jpg","Flow Forged","new","part","wheels","","866 MB-4","METAL / BLACK","","true","false",""
"Flow Forged 866 MB-5 19X9.5","298.80","parts-wheels-tires","Replica Vanteet","866 MB-5","https://rengastukkurit.fi/wp-content/uploads/2025/03/IMG_5375.jpg","Flow Forged","new","part","wheels","","866 MB-5","METAL / BLACK","","true","false",""
"Flow Forged 866 MB-6 20X8.5","318.73","parts-wheels-tires","Replica Vanteet","866 MB-6","https://rengastukkurit.fi/wp-content/uploads/2025/03/IMG_5375.jpg","Flow Forged","new","part","wheels","","866 MB-6","METAL / BLACK","","true","false",""
"Flow Forged 866 MB-7 20X9.5","318.73","parts-wheels-tires","Replica Vanteet","866 MB-7","https://rengastukkurit.fi/wp-content/uploads/2025/03/IMG_5375.jpg","Flow Forged","new","part","wheels","","866 MB-7","METAL / BLACK","","true","false",""
"Flow Forged 1061 18X8.5","278.88","parts-wheels-tires","Replica Vanteet","1061 MATT/METAL","https://rengastukkurit.fi/wp-content/uploads/2025/03/IMG_5376.jpg","Flow Forged","new","part","wheels","","1061","MATT/METAL","","true","false",""
"Flow Forged 1061 18X9.5","278.88","parts-wheels-tires","Replica Vanteet","1061 MATT/METAL-1","https://rengastukkurit.fi/wp-content/uploads/2025/03/IMG_5376.jpg","Flow Forged","new","part","wheels","","1061","MATT/METAL","","true","false",""
"Flow Forged 1061 19X8.5","298.80","parts-wheels-tires","Replica Vanteet","1061 MATT/METAL-2","https://rengastukkurit.fi/wp-content/uploads/2025/03/IMG_5376.jpg","Flow Forged","new","part","wheels","","1061","MATT/METAL","","true","false",""
"Flow Forged 1061 19X9.5","298.80","parts-wheels-tires","Replica Vanteet","1061 MATT/METAL-3","https://rengastukkurit.fi/wp-content/uploads/2025/03/IMG_5376.jpg","Flow Forged","new","part","wheels","","1061","MATT/METAL","","true","false",""
"Flow Forged 1779 18X8.5","278.88","parts-wheels-tires","Replica Vanteet","1779 MB","https://rengastukkurit.fi/wp-content/uploads/2025/03/IMG_5377.jpg","Flow Forged","new","part","wheels","","1779","METAL / BLACK","","true","false",""
"Flow Forged 1779 18X9.5","278.88","parts-wheels-tires","Replica Vanteet","1779 MB-1","https://rengastukkurit.fi/wp-content/uploads/2025/03/IMG_5377.jpg","Flow Forged","new","part","wheels","","1779","METAL / BLACK","","true","false",""
"Flow Forged 3062 18X8","278.88","parts-wheels-tires","Replica Vanteet","3062 MB LIP MACHINE","https://rengastukkurit.fi/wp-content/uploads/2025/03/IMG_5378-2.jpg","Flow Forged","new","part","wheels","","3062","METAL/BLACK + LIP MACHINED","","true","false",""
"Flow Forged 3062 18X9","278.88","parts-wheels-tires","Replica Vanteet","3062 MB LIP MACHINE-1","https://rengastukkurit.fi/wp-content/uploads/2025/03/IMG_5378-2.jpg","Flow Forged","new","part","wheels","","3062","METAL/BLACK + LIP MACHINED","","true","false",""
"Flow Forged 5074 20X9.5","318.73","parts-wheels-tires","Replica Vanteet","5074 MATT BLACK","https://rengastukkurit.fi/wp-content/uploads/2025/03/IMG_5397.jpg","Flow Forged","new","part","wheels","","5074","MATT BLACK","","true","false",""
"Flow Forged 5074 20X10.5","318.73","parts-wheels-tires","Replica Vanteet","5074 MATT BLACK-2","https://rengastukkurit.fi/wp-content/uploads/2025/03/IMG_5397.jpg","Flow Forged","new","part","wheels","","5074","MATT BLACK","","true","false",""
"Flow Forged 5888 20X8.5","318.73","parts-wheels-tires","Replica Vanteet","5888 MATT BLACK","https://rengastukkurit.fi/wp-content/uploads/2025/03/IMG_5398.jpg","Flow Forged","new","part","wheels","","5888","MATT BLACK","","true","false",""
"Flow Forged 5888 20X10.5","318.73","parts-wheels-tires","Replica Vanteet","5888 MATT BLACK-2","https://rengastukkurit.fi/wp-content/uploads/2025/03/IMG_5398.jpg","Flow Forged","new","part","wheels","","5888","MATT BLACK","","true","false",""
"Flow Forged FF2130 20X9","318.73","parts-wheels-tires","Replica Vanteet","FF2130 MATT BLACK","https://rengastukkurit.fi/wp-content/uploads/2025/03/IMG_5409.jpg","Flow Forged","new","part","wheels","","FF2130","MATT BLACK","","true","false",""
"Flow Forged FF2130 20X10","318.73","parts-wheels-tires","Replica Vanteet","FF2130 MATT BLACK-2","https://rengastukkurit.fi/wp-content/uploads/2025/03/IMG_5409.jpg","Flow Forged","new","part","wheels","","FF2130","MATT BLACK","","true","false",""
"Flow Forged FF2130 20X9","318.73","parts-wheels-tires","Replica Vanteet","FF2130 SILVER","https://rengastukkurit.fi/wp-content/uploads/2025/03/IMG_5410.jpg","Flow Forged","new","part","wheels","","FF2130","SILVER","","true","false",""
"Flow Forged FF2130 20X10","318.73","parts-wheels-tires","Replica Vanteet","FF2130 SILVER-2","https://rengastukkurit.fi/wp-content/uploads/2025/03/IMG_5410.jpg","Flow Forged","new","part","wheels","","FF2130","SILVER","","true","false",""
"Flow Forged HF697 20X9.5","318.73","parts-wheels-tires","Replica Vanteet","HF697 GLOSSY BLACK","https://rengastukkurit.fi/wp-content/uploads/2025/03/IMG_5411.jpg","Flow Forged","new","part","wheels","","HF697","GLOSSY BLACK","","true","false",""
"Flow Forged HF697 20X10.5","318.73","parts-wheels-tires","Replica Vanteet","HF697 GLOSSY BLACK-2","https://rengastukkurit.fi/wp-content/uploads/2025/03/IMG_5411.jpg","Flow Forged","new","part","wheels","","HF697","GLOSSY BLACK","","true","false",""
"Flow Forged HF697 20X9.5","318.73","parts-wheels-tires","Replica Vanteet","HF697 GLOSSY BLACK-3","https://rengastukkurit.fi/wp-content/uploads/2025/03/IMG_5411.jpg","Flow Forged","new","part","wheels","","HF697","GLOSSY BLACK","","true","false",""
"Flow Forged HF697 20X10.5","318.73","parts-wheels-tires","Replica Vanteet","HF697 GLOSSY BLACK-4","https://rengastukkurit.fi/wp-content/uploads/2025/03/IMG_5411.jpg","Flow Forged","new","part","wheels","","HF697","GLOSSY BLACK","","true","false",""
"Flow Forged HF697 20X9.5","318.73","parts-wheels-tires","Replica Vanteet","HF697 MATT BLACK","https://rengastukkurit.fi/wp-content/uploads/2025/03/IMG_5412.jpg","Flow Forged","new","part","wheels","","HF697","MATT BLACK","","true","false",""
"Flow Forged HF697 20X10.5","318.73","parts-wheels-tires","Replica Vanteet","HF697 MATT BLACK-2","https://rengastukkurit.fi/wp-content/uploads/2025/03/IMG_5412.jpg","Flow Forged","new","part","wheels","","HF697","MATT BLACK","","true","false",""
"Flow Forged HF697 20X9.5","318.73","parts-wheels-tires","Replica Vanteet","HF697 MATT BLUE","https://rengastukkurit.fi/wp-content/uploads/2025/03/IMG_5413.jpg","Flow Forged","new","part","wheels","","HF697","MATT BLUE","","true","false",""
"Flow Forged HF697 20X10.5","318.73","parts-wheels-tires","Replica Vanteet","HF697 MATT BLUE-2","https://rengastukkurit.fi/wp-content/uploads/2025/03/IMG_5413.jpg","Flow Forged","new","part","wheels","","HF697","MATT BLUE","","true","false",""
"Flow Forged 1408 20X9","318.73","parts-wheels-tires","Replica Vanteet","1408 DARK GREY","https://rengastukkurit.fi/wp-content/uploads/2025/03/IMG_5415.jpg","Flow Forged","new","part","wheels","","1408","DARK GREY","","true","false",""
"Flow Forged 1408 20X10","318.73","parts-wheels-tires","Replica Vanteet","1408 DARK GREY-2","https://rengastukkurit.fi/wp-content/uploads/2025/03/IMG_5415.jpg","Flow Forged","new","part","wheels","","1408","DARK GREY","","true","false",""
"Flow Forged L912 20X8.5","318.73","parts-wheels-tires","Replica Vanteet","L912 MATT BLACK","https://rengastukkurit.fi/wp-content/uploads/2025/03/IMG_5417.jpg","Flow Forged","new","part","wheels","","L912","MATT BLACK","","true","false",""
"Flow Forged L912 20X10","318.73","parts-wheels-tires","Replica Vanteet","L912 MATT BLACK-2","https://rengastukkurit.fi/wp-content/uploads/2025/03/IMG_5417.jpg","Flow Forged","new","part","wheels","","L912","MATT BLACK","","true","false",""
"Flow Forged 319 19X8.5","298.80","parts-wheels-tires","Replica Vanteet","319 MATT BLACK","https://rengastukkurit.fi/wp-content/uploads/2025/03/IMG_5380.jpg","Flow Forged","new","part","wheels","","319","MATT BLACK","","true","false",""
"Flow Forged 319 19X9.5","298.80","parts-wheels-tires","Replica Vanteet","319 MATT BLACK-2","https://rengastukkurit.fi/wp-content/uploads/2025/03/IMG_5380.jpg","Flow Forged","new","part","wheels","","319","MATT BLACK","","true","false",""
"Flow Forged 5758 22X10","398.41","parts-wheels-tires","Replica Vanteet","5758-METAL BLACK","https://rengastukkurit.fi/wp-content/uploads/2025/03/019ff543-61a3-458d-92d2-0cd3d3df005b.jpg","Flow Forged","new","part","wheels","","","METAL BLACK","","true","false",""
"Flow Forged 1090 21X9","358.57","parts-wheels-tires","Replica Vanteet","1090-MATT GREY","https://rengastukkurit.fi/wp-content/uploads/2025/03/9b13c883-a789-49f3-9099-2c804fca2a1a.jpg","Flow Forged","new","part","wheels","","","MATT GREY","","true","false",""
"Flow Forged 5837 21X9","358.57","parts-wheels-tires","Replica Vanteet","5837-METAL BLACK","https://rengastukkurit.fi/wp-content/uploads/2025/03/928b04b1-f58e-4a8b-8e86-b12453249265-1.jpg","Flow Forged","new","part","wheels","","","METAL BLACK","","true","false",""
"Flow Forged 5060 21X9.5","358.57","parts-wheels-tires","Replica Vanteet","5060-Black Lip Polish","https://rengastukkurit.fi/wp-content/uploads/2025/03/f3a9ac7e-4b89-406f-97f5-1755040bcdab.jpg","Flow Forged","new","part","wheels","","","Black Lip Polish","","true","false",""
"Flow Forged 5837 21X9","358.57","parts-wheels-tires","Replica Vanteet","5837-2-METAL BLACK","https://rengastukkurit.fi/wp-content/uploads/2025/03/IMG_5434.jpg","Flow Forged","new","part","wheels","","","METAL BLACK","","true","false",""
"Flow Forged 5108 20X9","318.73","parts-wheels-tires","Replica Vanteet","5108-METAL BLACK","https://rengastukkurit.fi/wp-content/uploads/2025/03/IMG_5432.jpg","Flow Forged","new","part","wheels","","","METAL BLACK","","true","false",""
"Flow Forged 5837 20X8.5","318.73","parts-wheels-tires","Replica Vanteet","5837-3-METAL BLACK","https://rengastukkurit.fi/wp-content/uploads/2025/03/45a8b1d3-5dee-4ea9-b895-8f1f5ad553d4.jpg","Flow Forged","new","part","wheels","","","METAL BLACK","","true","false",""
"Flow Forged 5214 20X9","318.73","parts-wheels-tires","Replica Vanteet","5214-METAL GREY","https://rengastukkurit.fi/wp-content/uploads/2025/03/IMG_5433.jpg","Flow Forged","new","part","wheels","","","METAL GREY","","true","false",""
"Flow Forged 5837(0337+1765) 20X8.5","318.73","parts-wheels-tires","Replica Vanteet","5837(0337+1765)-METAL BLACK","https://rengastukkurit.fi/wp-content/uploads/2025/03/45a8b1d3-5dee-4ea9-b895-8f1f5ad553d4.jpg","Flow Forged","new","part","wheels","","","METAL BLACK","","true","false",""
"Flow Forged 5632 19X8.5","298.80","parts-wheels-tires","Replica Vanteet","5632-METAL GREY","https://rengastukkurit.fi/wp-content/uploads/2025/03/IMG_5429.jpg","Flow Forged","new","part","wheels","","","METAL GREY","","true","false",""
"Flow Forged D1339 19X8.5","298.80","parts-wheels-tires","Replica Vanteet","D1339-METAL GREY","https://rengastukkurit.fi/wp-content/uploads/2025/03/IMG_5430.jpg","Flow Forged","new","part","wheels","","","METAL GREY","","true","false",""
"Flow Forged 1765(5837) 18X8","278.88","parts-wheels-tires","Replica Vanteet","1765(5837)-METAL BLACK","https://rengastukkurit.fi/wp-content/uploads/2025/03/45a8b1d3-5dee-4ea9-b895-8f1f5ad553d4.jpg","Flow Forged","new","part","wheels","","","METAL BLACK","","true","false",""
"Flow Forged 5484 18X8","278.88","parts-wheels-tires","Replica Vanteet","5484-METAL BLACK","https://rengastukkurit.fi/wp-content/uploads/2025/03/b58d0575-68d0-4d26-a130-1bc7524a5dd3.jpg","Flow Forged","new","part","wheels","","","METAL BLACK","","true","false",""
"Flow Forged 5758 22X10","398.41","parts-wheels-tires","Replica Vanteet","5758-METAL BLACK","https://rengastukkurit.fi/wp-content/uploads/2025/03/019ff543-61a3-458d-92d2-0cd3d3df005b.jpg","Flow Forged","new","part","wheels","","","METAL BLACK","","true","false",""
"Flow Forged 1090 21X9","358.57","parts-wheels-tires","Replica Vanteet","1090-MATT GREY","https://rengastukkurit.fi/wp-content/uploads/2025/03/9b13c883-a789-49f3-9099-2c804fca2a1a.jpg","Flow Forged","new","part","wheels","","","MATT GREY","","true","false",""
"Flow Forged 5837 21X9","358.57","parts-wheels-tires","Replica Vanteet","5837-METAL BLACK","https://rengastukkurit.fi/wp-content/uploads/2025/03/928b04b1-f58e-4a8b-8e86-b12453249265-1.jpg","Flow Forged","new","part","wheels","","","METAL BLACK","","true","false",""
"Flow Forged 5060 21X9.5","358.57","parts-wheels-tires","Replica Vanteet","5060-Black Lip Polish","https://rengastukkurit.fi/wp-content/uploads/2025/03/f3a9ac7e-4b89-406f-97f5-1755040bcdab.jpg","Flow Forged","new","part","wheels","","","Black Lip Polish","","true","false",""
"Flow Forged 5837 21X9","358.57","parts-wheels-tires","Replica Vanteet","5837-2-METAL BLACK","https://rengastukkurit.fi/wp-content/uploads/2025/03/IMG_5434.jpg","Flow Forged","new","part","wheels","","","METAL BLACK","","true","false",""
"Flow Forged 5108 20X9","318.73","parts-wheels-tires","Replica Vanteet","5108-METAL BLACK","https://rengastukkurit.fi/wp-content/uploads/2025/03/IMG_5432.jpg","Flow Forged","new","part","wheels","","","METAL BLACK","","true","false",""
"Flow Forged 5837 20X8.5","318.73","parts-wheels-tires","Replica Vanteet","5837-3-METAL BLACK","https://rengastukkurit.fi/wp-content/uploads/2025/03/45a8b1d3-5dee-4ea9-b895-8f1f5ad553d4.jpg","Flow Forged","new","part","wheels","","","METAL BLACK","","true","false",""
"Flow Forged 5214 20X9","318.73","parts-wheels-tires","Replica Vanteet","5214-METAL GREY","https://rengastukkurit.fi/wp-content/uploads/2025/03/IMG_5433.jpg","Flow Forged","new","part","wheels","","","METAL GREY","","true","false",""
"Flow Forged 5837(0337+1765) 20X8.5","318.73","parts-wheels-tires","Replica Vanteet","5837(0337+1765)-METAL BLACK","https://rengastukkurit.fi/wp-content/uploads/2025/03/45a8b1d3-5dee-4ea9-b895-8f1f5ad553d4.jpg","Flow Forged","new","part","wheels","","","METAL BLACK","","true","false",""
"Flow Forged 5632 19X8.5","298.80","parts-wheels-tires","Replica Vanteet","5632-METAL GREY","https://rengastukkurit.fi/wp-content/uploads/2025/03/IMG_5429.jpg","Flow Forged","new","part","wheels","","","METAL GREY","","true","false",""
"Flow Forged D1339 19X8.5","298.80","parts-wheels-tires","Replica Vanteet","D1339-METAL GREY","https://rengastukkurit.fi/wp-content/uploads/2025/03/IMG_5430.jpg","Flow Forged","new","part","wheels","","","METAL GREY","","true","false",""
"Flow Forged 1765(5837) 18X8","278.88","parts-wheels-tires","Replica Vanteet","1765(5837)-METAL BLACK","https://rengastukkurit.fi/wp-content/uploads/2025/03/45a8b1d3-5dee-4ea9-b895-8f1f5ad553d4.jpg","Flow Forged","new","part","wheels","","","METAL BLACK","","true","false",""
"Flow Forged 5484 18X8","278.88","parts-wheels-tires","Replica Vanteet","5484-METAL BLACK","https://rengastukkurit.fi/wp-content/uploads/2025/03/b58d0575-68d0-4d26-a130-1bc7524a5dd3.jpg","Flow Forged","new","part","wheels","","","METAL BLACK","","true","false",""
